Class	Name
0	Cervix_Noise
0	Cervix_Noise
0	Cervix_Noise
0	Cervix_Noise
0	Cervix_Noise
0	Cervix_Noise
0	Cervix_Noise
0	Cervix_Noise
0	Cervix_Noise
0	Cervix_Noise
0	Cervix_Noise
0	Cervix_Noise
0	Cervix_Noise
0	Cervix_Noise
0	Cervix_Noise
0	Cervix_Noise
0	Cervix_Noise
0	Cervix_Noise
0	Cervix_Noise
0	Cervix_Noise
0	Cervix_Noise
0	Cervix_Noise
0	Cervix_Noise
0	Cervix_Noise
0	Cervix_Noise
0	Cervix_Noise
0	Cervix_Noise
0	Cervix_Noise
0	Cervix_Noise
0	Cervix_Noise
0	Cervix_Noise
0	Cervix_Noise
0	Cervix_Noise
0	Cervix_Noise
0	Cervix_Noise
0	Cervix_Noise
0	Cervix_Noise
0	Cervix_Noise
0	Cervix_Noise
0	Cervix_Noise
0	Cervix_Noise
0	Cervix_Noise
0	Cervix_Noise
0	Cervix_Noise
0	Cervix_Noise
0	Cervix_Noise
0	Cervix_Noise
0	Cervix_Noise
0	Cervix_Noise
0	Cervix_Noise
0	Cervix_Noise
0	Cervix_Noise
0	Cervix_Noise
0	Cervix_Noise
0	Cervix_Noise
0	Cervix_Noise
0	Cervix_Noise
0	Cervix_Noise
0	Cervix_Noise
0	Cervix_Noise
0	Cervix_Noise
0	Cervix_Noise
0	Cervix_Noise
0	Cervix_Noise
0	Cervix_Noise
0	Cervix_Noise
0	Cervix_Noise
0	Cervix_Noise
0	Cervix_Noise
0	Cervix_Noise
0	Cervix_Noise
0	Cervix_Noise
0	Cervix_Noise
0	Cervix_Noise
0	Cervix_Noise
0	Cervix_Noise
0	Cervix_Noise
0	Cervix_Noise
0	Cervix_Noise
0	Cervix_Noise
0	Cervix_Noise
0	Cervix_Noise
0	Cervix_Noise
0	Cervix_Noise
0	Cervix_Noise
0	Cervix_Noise
0	Cervix_Noise
0	Cervix_Noise
0	Cervix_Noise
0	Cervix_Noise
0	Cervix_Noise
0	Cervix_Noise
0	Cervix_Noise
0	Cervix_Noise
0	Cervix_Noise
0	Cervix_Noise
0	Cervix_Noise
0	Cervix_Noise
0	Cervix_Noise
0	Cervix_Noise
0	Cervix_Noise
0	Cervix_Noise
0	Cervix_Noise
0	Cervix_Noise
0	Cervix_Noise
0	Cervix_Noise
0	Cervix_Noise
0	Cervix_Noise
0	Cervix_Noise
0	Cervix_Noise
0	Cervix_Noise
0	Cervix_Noise
0	Cervix_Noise
0	Cervix_Noise
0	Cervix_Noise
0	Cervix_Noise
0	Cervix_Noise
0	Cervix_Noise
0	Cervix_Noise
0	Cervix_Noise
0	Cervix_Noise
0	Cervix_Noise
0	Cervix_Noise
0	Cervix_Noise
0	Cervix_Noise
0	Cervix_Noise
0	Cervix_Noise
0	Cervix_Noise
0	Cervix_Noise
0	Cervix_Noise
0	Cervix_Noise
0	Cervix_Noise
0	Cervix_Noise
0	Cervix_Noise
0	Cervix_Noise
0	Cervix_Noise
0	Cervix_Noise
0	Cervix_Noise
0	Cervix_Noise
0	Cervix_Noise
0	Cervix_Noise
0	Cervix_Noise
0	Cervix_Noise
0	Cervix_Noise
0	Cervix_Noise
0	Cervix_Noise
0	Cervix_Noise
0	Cervix_Noise
0	Cervix_Noise
0	Cervix_Noise
0	Cervix_Noise
0	Cervix_Noise
0	Cervix_Noise
0	Cervix_Noise
0	Cervix_Noise
0	Cervix_Noise
0	Cervix_Noise
0	Cervix_Noise
0	Cervix_Noise
0	Cervix_Noise
0	Cervix_Noise
0	Cervix_Noise
0	Cervix_Noise
0	Cervix_Noise
0	Cervix_Noise
0	Cervix_Noise
0	Cervix_Noise
0	Cervix_Noise
0	Cervix_Noise
0	Cervix_Noise
0	Cervix_Noise
0	Cervix_Noise
0	Cervix_Noise
0	Cervix_Noise
0	Cervix_Noise
0	Cervix_Noise
0	Cervix_Noise
0	Cervix_Noise
0	Cervix_Noise
0	Cervix_Noise
0	Cervix_Noise
0	Cervix_Noise
0	Cervix_Noise
0	Cervix_Noise
0	Cervix_Noise
0	Cervix_Noise
0	Cervix_Noise
0	Cervix_Noise
0	Cervix_Noise
0	Cervix_Noise
0	Cervix_Noise
0	Cervix_Noise
0	Cervix_Noise
0	Cervix_Noise
0	Cervix_Noise
0	Cervix_Noise
0	Cervix_Noise
0	Cervix_Noise
0	Cervix_Noise
0	Cervix_Noise
0	Cervix_Noise
0	Cervix_Noise
0	Cervix_Noise
0	Cervix_Noise
0	Cervix_Noise
0	Cervix_Noise
0	Cervix_Noise
0	Cervix_Noise
0	Cervix_Noise
0	Cervix_Noise
0	Cervix_Noise
0	Cervix_Noise
0	Cervix_Noise
0	Cervix_Noise
0	Cervix_Noise
0	Cervix_Noise
0	Cervix_Noise
0	Cervix_Noise
0	Cervix_Noise
0	Cervix_Noise
0	Cervix_Noise
0	Cervix_Noise
0	Cervix_Noise
0	Cervix_Noise
0	Cervix_Noise
0	Cervix_Noise
0	Cervix_Noise
0	Cervix_Noise
0	Cervix_Noise
0	Cervix_Noise
0	Cervix_Noise
0	Cervix_Noise
0	Cervix_Noise
0	Cervix_Noise
0	Cervix_Noise
0	Cervix_Noise
0	Cervix_Noise
0	Cervix_Noise
0	Cervix_Noise
0	Cervix_Noise
0	Cervix_Noise
0	Cervix_Noise
0	Cervix_Noise
0	Cervix_Noise
0	Cervix_Noise
0	Cervix_Noise
0	Cervix_Noise
0	Cervix_Noise
0	Cervix_Noise
0	Cervix_Noise
0	Cervix_Noise
0	Cervix_Noise
0	Cervix_Noise
0	Cervix_Noise
0	Cervix_Noise
0	Cervix_Noise
0	Cervix_Noise
0	Cervix_Noise
0	Cervix_Noise
0	Cervix_Noise
0	Cervix_Noise
0	Cervix_Noise
0	Cervix_Noise
0	Cervix_Noise
0	Cervix_Noise
0	Cervix_Noise
0	Cervix_Noise
0	Cervix_Noise
0	Cervix_Noise
0	Cervix_Noise
0	Cervix_Noise
0	Cervix_Noise
0	Cervix_Noise
0	Cervix_Noise
0	Cervix_Noise
0	Cervix_Noise
0	Cervix_Noise
0	Cervix_Noise
0	Cervix_Noise
0	Cervix_Noise
0	Cervix_Noise
0	Cervix_Noise
0	Cervix_Noise
0	Cervix_Noise
0	Cervix_Noise
0	Cervix_Noise
0	Cervix_Noise
0	Cervix_Noise
0	Cervix_Noise
0	Cervix_Noise
0	Cervix_Noise
0	Cervix_Noise
0	Cervix_Noise
0	Cervix_Noise
0	Cervix_Noise
0	Cervix_Noise
0	Cervix_Noise
0	Cervix_Noise
0	Cervix_Noise
0	Cervix_Noise
0	Cervix_Noise
0	Cervix_Noise
0	Cervix_Noise
0	Cervix_Noise
0	Cervix_Noise
0	Cervix_Noise
0	Cervix_Noise
0	Cervix_Noise
0	Cervix_Noise
0	Cervix_Noise
0	Cervix_Noise
0	Cervix_Noise
0	Cervix_Noise
0	Cervix_Noise
0	Cervix_Noise
0	Cervix_Noise
0	Cervix_Noise
0	Cervix_Noise
0	Cervix_Noise
0	Cervix_Noise
0	Cervix_Noise
0	Cervix_Noise
0	Cervix_Noise
0	Cervix_Noise
0	Cervix_Noise
0	Cervix_Noise
0	Cervix_Noise
0	Cervix_Noise
0	Cervix_Noise
0	Cervix_Noise
0	Cervix_Noise
0	Cervix_Noise
0	Cervix_Noise
0	Cervix_Noise
0	Cervix_Noise
0	Cervix_Noise
0	Cervix_Noise
0	Cervix_Noise
0	Cervix_Noise
0	Cervix_Noise
0	Cervix_Noise
0	Cervix_Noise
0	Cervix_Noise
0	Cervix_Noise
0	Cervix_Noise
0	Cervix_Noise
0	Cervix_Noise
0	Cervix_Noise
0	Cervix_Noise
0	Cervix_Noise
0	Cervix_Noise
0	Cervix_Noise
0	Cervix_Noise
0	Cervix_Noise
0	Cervix_Noise
0	Cervix_Noise
0	Cervix_Noise
0	Cervix_Noise
0	Cervix_Noise
0	Cervix_Noise
0	Cervix_Noise
0	Cervix_Noise
0	Cervix_Noise
0	Cervix_Noise
0	Cervix_Noise
0	Cervix_Noise
0	Cervix_Noise
0	Cervix_Noise
0	Cervix_Noise
0	Cervix_Noise
0	Cervix_Noise
0	Cervix_Noise
0	Cervix_Noise
0	Cervix_Noise
0	Cervix_Noise
0	Cervix_Noise
0	Cervix_Noise
0	Cervix_Noise
0	Cervix_Noise
0	Cervix_Noise
0	Cervix_Noise
0	Cervix_Noise
0	Cervix_Noise
0	Cervix_Noise
0	Cervix_Noise
0	Cervix_Noise
0	Cervix_Noise
0	Cervix_Noise
0	Cervix_Noise
0	Cervix_Noise
0	Cervix_Noise
0	Cervix_Noise
0	Cervix_Noise
0	Cervix_Noise
0	Cervix_Noise
0	Cervix_Noise
0	Cervix_Noise
0	Cervix_Noise
0	Cervix_Noise
0	Cervix_Noise
0	Cervix_Noise
0	Cervix_Noise
0	Cervix_Noise
0	Cervix_Noise
0	Cervix_Noise
0	Cervix_Noise
0	Cervix_Noise
0	Cervix_Noise
0	Cervix_Noise
0	Cervix_Noise
0	Cervix_Noise
0	Cervix_Noise
0	Cervix_Noise
0	Cervix_Noise
0	Cervix_Noise
0	Cervix_Noise
0	Cervix_Noise
0	Cervix_Noise
0	Cervix_Noise
0	Cervix_Noise
0	Cervix_Noise
0	Cervix_Noise
0	Cervix_Noise
0	Cervix_Noise
0	Cervix_Noise
0	Cervix_Noise
0	Cervix_Noise
0	Cervix_Noise
0	Cervix_Noise
0	Cervix_Noise
0	Cervix_Noise
0	Cervix_Noise
0	Cervix_Noise
0	Cervix_Noise
0	Cervix_Noise
0	Cervix_Noise
0	Cervix_Noise
0	Cervix_Noise
0	Cervix_Noise
0	Cervix_Noise
0	Cervix_Noise
0	Cervix_Noise
0	Cervix_Noise
0	Cervix_Noise
0	Cervix_Noise
0	Cervix_Noise
0	Cervix_Noise
0	Cervix_Noise
0	Cervix_Noise
0	Cervix_Noise
0	Cervix_Noise
0	Cervix_Noise
0	Cervix_Noise
0	Cervix_Noise
0	Cervix_Noise
0	Cervix_Noise
0	Cervix_Noise
0	Cervix_Noise
0	Cervix_Noise
0	Cervix_Noise
0	Cervix_Noise
0	Cervix_Noise
0	Cervix_Noise
0	Cervix_Noise
0	Cervix_Noise
0	Cervix_Noise
0	Cervix_Noise
0	Cervix_Noise
0	Cervix_Noise
0	Cervix_Noise
0	Cervix_Noise
0	Cervix_Noise
0	Cervix_Noise
0	Cervix_Noise
0	Cervix_Noise
0	Cervix_Noise
0	Cervix_Noise
0	Cervix_Noise
0	Cervix_Noise
0	Cervix_Noise
0	Cervix_Noise
0	Cervix_Noise
0	Cervix_Noise
0	Cervix_Noise
0	Cervix_Noise
0	Cervix_Noise
0	Cervix_Noise
0	Cervix_Noise
0	Cervix_Noise
0	Cervix_Noise
0	Cervix_Noise
0	Cervix_Noise
0	Cervix_Noise
0	Cervix_Noise
0	Cervix_Noise
0	Cervix_Noise
0	Cervix_Noise
0	Cervix_Noise
0	Cervix_Noise
0	Cervix_Noise
0	Cervix_Noise
0	Cervix_Noise
0	Cervix_Noise
0	Cervix_Noise
0	Cervix_Noise
0	Cervix_Noise
0	Cervix_Noise
0	Cervix_Noise
0	Cervix_Noise
0	Cervix_Noise
0	Cervix_Noise
0	Cervix_Noise
0	Cervix_Noise
0	Cervix_Noise
0	Cervix_Noise
0	Cervix_Noise
0	Cervix_Noise
0	Cervix_Noise
0	Cervix_Noise
0	Cervix_Noise
0	Cervix_Noise
0	Cervix_Noise
0	Cervix_Noise
0	Cervix_Noise
0	Cervix_Noise
0	Cervix_Noise
0	Cervix_Noise
0	Cervix_Noise
0	Cervix_Noise
0	Cervix_Noise
0	Cervix_Noise
0	Cervix_Noise
0	Cervix_Noise
0	Cervix_Noise
0	Cervix_Noise
0	Cervix_Noise
0	Cervix_Noise
0	Cervix_Noise
0	Cervix_Noise
0	Cervix_Noise
0	Cervix_Noise
0	Cervix_Noise
0	Cervix_Noise
0	Cervix_Noise
0	Cervix_Noise
0	Cervix_Noise
0	Cervix_Noise
0	Cervix_Noise
0	Cervix_Noise
0	Cervix_Noise
0	Cervix_Noise
0	Cervix_Noise
0	Cervix_Noise
0	Cervix_Noise
0	Cervix_Noise
0	Cervix_Noise
0	Cervix_Noise
0	Cervix_Noise
0	Cervix_Noise
0	Cervix_Noise
0	Cervix_Noise
0	Cervix_Noise
0	Cervix_Noise
0	Cervix_Noise
0	Cervix_Noise
0	Cervix_Noise
0	Cervix_Noise
0	Cervix_Noise
0	Cervix_Noise
0	Cervix_Noise
0	Cervix_Noise
0	Cervix_Noise
0	Cervix_Noise
0	Cervix_Noise
0	Cervix_Noise
0	Cervix_Noise
0	Cervix_Noise
0	Cervix_Noise
0	Cervix_Noise
0	Cervix_Noise
0	Cervix_Noise
0	Cervix_Noise
0	Cervix_Noise
0	Cervix_Noise
0	Cervix_Noise
0	Cervix_Noise
0	Cervix_Noise
0	Cervix_Noise
0	Cervix_Noise
0	Cervix_Noise
0	Cervix_Noise
0	Cervix_Noise
0	Cervix_Noise
0	Cervix_Noise
0	Cervix_Noise
0	Cervix_Noise
0	Cervix_Noise
0	Cervix_Noise
0	Cervix_Noise
0	Cervix_Noise
0	Cervix_Noise
0	Cervix_Noise
0	Cervix_Noise
0	Cervix_Noise
0	Cervix_Noise
0	Cervix_Noise
0	Cervix_Noise
0	Cervix_Noise
0	Cervix_Noise
0	Cervix_Noise
0	Cervix_Noise
0	Cervix_Noise
0	Cervix_Noise
0	Cervix_Noise
0	Cervix_Noise
0	Cervix_Noise
0	Cervix_Noise
0	Cervix_Noise
0	Cervix_Noise
0	Cervix_Noise
0	Cervix_Noise
0	Cervix_Noise
0	Cervix_Noise
0	Cervix_Noise
0	Cervix_Noise
0	Cervix_Noise
0	Cervix_Noise
0	Cervix_Noise
0	Cervix_Noise
0	Cervix_Noise
0	Cervix_Noise
0	Cervix_Noise
0	Cervix_Noise
0	Cervix_Noise
0	Cervix_Noise
0	Cervix_Noise
0	Cervix_Noise
0	Cervix_Noise
0	Cervix_Noise
0	Cervix_Noise
0	Cervix_Noise
0	Cervix_Noise
0	Cervix_Noise
0	Cervix_Noise
0	Cervix_Noise
0	Cervix_Noise
0	Cervix_Noise
0	Cervix_Noise
0	Cervix_Noise
0	Cervix_Noise
0	Cervix_Noise
0	Cervix_Noise
0	Cervix_Noise
0	Cervix_Noise
0	Cervix_Noise
0	Cervix_Noise
0	Cervix_Noise
0	Cervix_Noise
0	Cervix_Noise
0	Cervix_Noise
0	Cervix_Noise
0	Cervix_Noise
0	Cervix_Noise
0	Cervix_Noise
0	Cervix_Noise
0	Cervix_Noise
0	Cervix_Noise
0	Cervix_Noise
0	Cervix_Noise
0	Cervix_Noise
0	Cervix_Noise
0	Cervix_Noise
0	Cervix_Noise
0	Cervix_Noise
0	Cervix_Noise
0	Cervix_Noise
0	Cervix_Noise
0	Cervix_Noise
0	Cervix_Noise
0	Cervix_Noise
0	Cervix_Noise
0	Cervix_Noise
0	Cervix_Noise
0	Cervix_Noise
0	Cervix_Noise
0	Cervix_Noise
0	Cervix_Noise
0	Cervix_Noise
0	Cervix_Noise
0	Cervix_Noise
0	Cervix_Noise
0	Cervix_Noise
0	Cervix_Noise
0	Cervix_Noise
0	Cervix_Noise
0	Cervix_Noise
0	Cervix_Noise
0	Cervix_Noise
0	Cervix_Noise
0	Cervix_Noise
0	Cervix_Noise
0	Cervix_Noise
0	Cervix_Noise
0	Cervix_Noise
0	Cervix_Noise
0	Cervix_Noise
0	Cervix_Noise
0	Cervix_Noise
0	Cervix_Noise
0	Cervix_Noise
0	Cervix_Noise
0	Cervix_Noise
0	Cervix_Noise
0	Cervix_Noise
0	Cervix_Noise
0	Cervix_Noise
0	Cervix_Noise
0	Cervix_Noise
0	Cervix_Noise
0	Cervix_Noise
0	Cervix_Noise
0	Cervix_Noise
0	Cervix_Noise
0	Cervix_Noise
0	Cervix_Noise
0	Cervix_Noise
0	Cervix_Noise
0	Cervix_Noise
0	Cervix_Noise
0	Cervix_Noise
0	Cervix_Noise
0	Cervix_Noise
0	Cervix_Noise
0	Cervix_Noise
0	Cervix_Noise
0	Cervix_Noise
0	Cervix_Noise
0	Cervix_Noise
0	Cervix_Noise
0	Cervix_Noise
0	Cervix_Noise
0	Cervix_Noise
0	Cervix_Noise
0	Cervix_Noise
0	Cervix_Noise
0	Cervix_Noise
0	Cervix_Noise
0	Cervix_Noise
0	Cervix_Noise
0	Cervix_Noise
0	Cervix_Noise
0	Cervix_Noise
0	Cervix_Noise
0	Cervix_Noise
0	Cervix_Noise
0	Cervix_Noise
0	Cervix_Noise
0	Cervix_Noise
0	Cervix_Noise
0	Cervix_Noise
0	Cervix_Noise
0	Cervix_Noise
0	Cervix_Noise
0	Cervix_Noise
0	Cervix_Noise
0	Cervix_Noise
0	Cervix_Noise
0	Cervix_Noise
0	Cervix_Noise
0	Cervix_Noise
0	Cervix_Noise
0	Cervix_Noise
0	Cervix_Noise
0	Cervix_Noise
0	Cervix_Noise
0	Cervix_Noise
0	Cervix_Noise
0	Cervix_Noise
0	Cervix_Noise
0	Cervix_Noise
0	Cervix_Noise
0	Cervix_Noise
0	Cervix_Noise
0	Cervix_Noise
0	Cervix_Noise
0	Cervix_Noise
0	Cervix_Noise
0	Cervix_Noise
0	Cervix_Noise
0	Cervix_Noise
0	Cervix_Noise
0	Cervix_Noise
0	Cervix_Noise
0	Cervix_Noise
0	Cervix_Noise
0	Cervix_Noise
0	Cervix_Noise
0	Cervix_Noise
0	Cervix_Noise
0	Cervix_Noise
0	Cervix_Noise
0	Cervix_Noise
0	Cervix_Noise
0	Cervix_Noise
0	Cervix_Noise
0	Cervix_Noise
0	Cervix_Noise
0	Cervix_Noise
0	Cervix_Noise
0	Cervix_Noise
0	Cervix_Noise
0	Cervix_Noise
0	Cervix_Noise
0	Cervix_Noise
0	Cervix_Noise
0	Cervix_Noise
0	Cervix_Noise
0	Cervix_Noise
0	Cervix_Noise
0	Cervix_Noise
0	Cervix_Noise
0	Cervix_Noise
0	Cervix_Noise
0	Cervix_Noise
0	Cervix_Noise
0	Cervix_Noise
0	Cervix_Noise
0	Cervix_Noise
0	Cervix_Noise
0	Cervix_Noise
0	Cervix_Noise
0	Cervix_Noise
0	Cervix_Noise
0	Cervix_Noise
0	Cervix_Noise
0	Cervix_Noise
0	Cervix_Noise
0	Cervix_Noise
0	Cervix_Noise
0	Cervix_Noise
0	Cervix_Noise
0	Cervix_Noise
0	Cervix_Noise
0	Cervix_Noise
0	Cervix_Noise
0	Cervix_Noise
0	Cervix_Noise
0	Cervix_Noise
0	Cervix_Noise
0	Cervix_Noise
0	Cervix_Noise
0	Cervix_Noise
0	Cervix_Noise
0	Cervix_Noise
1	cervix
1	cervix
1	cervix
1	cervix
1	cervix
1	cervix
1	cervix
1	cervix
1	cervix
1	cervix
1	cervix
1	cervix
1	cervix
1	cervix
1	cervix
1	cervix
1	cervix
1	cervix
1	cervix
1	cervix
1	cervix
1	cervix
1	cervix
1	cervix
1	cervix
1	cervix
1	cervix
1	cervix
1	cervix
1	cervix
1	cervix
1	cervix
1	cervix
1	cervix
1	cervix
1	cervix
1	cervix
1	cervix
1	cervix
1	cervix
1	cervix
1	cervix
1	cervix
1	cervix
1	cervix
1	cervix
1	cervix
1	cervix
1	cervix
1	cervix
1	cervix
1	cervix
1	cervix
1	cervix
1	cervix
1	cervix
1	cervix
1	cervix
1	cervix
1	cervix
1	cervix
1	cervix
1	cervix
1	cervix
1	cervix
1	cervix
1	cervix
1	cervix
1	cervix
1	cervix
1	cervix
1	cervix
1	cervix
1	cervix
1	cervix
1	cervix
1	cervix
1	cervix
1	cervix
1	cervix
1	cervix
1	cervix
1	cervix
1	cervix
1	cervix
1	cervix
1	cervix
1	cervix
1	cervix
1	cervix
1	cervix
1	cervix
1	cervix
1	cervix
1	cervix
1	cervix
1	cervix
1	cervix
1	cervix
1	cervix
1	cervix
1	cervix
1	cervix
1	cervix
1	cervix
1	cervix
1	cervix
1	cervix
1	cervix
1	cervix
1	cervix
1	cervix
1	cervix
1	cervix
1	cervix
1	cervix
1	cervix
1	cervix
1	cervix
1	cervix
1	cervix
1	cervix
1	cervix
1	cervix
1	cervix
1	cervix
1	cervix
1	cervix
1	cervix
1	cervix
1	cervix
1	cervix
1	cervix
1	cervix
1	cervix
1	cervix
1	cervix
1	cervix
1	cervix
1	cervix
1	cervix
1	cervix
1	cervix
1	cervix
1	cervix
1	cervix
1	cervix
1	cervix
1	cervix
1	cervix
1	cervix
1	cervix
1	cervix
1	cervix
1	cervix
1	cervix
1	cervix
1	cervix
1	cervix
1	cervix
1	cervix
1	cervix
1	cervix
1	cervix
1	cervix
1	cervix
1	cervix
1	cervix
1	cervix
1	cervix
1	cervix
1	cervix
1	cervix
1	cervix
1	cervix
1	cervix
1	cervix
1	cervix
1	cervix
1	cervix
1	cervix
1	cervix
1	cervix
1	cervix
1	cervix
1	cervix
1	cervix
1	cervix
1	cervix
1	cervix
1	cervix
1	cervix
1	cervix
1	cervix
1	cervix
1	cervix
1	cervix
1	cervix
1	cervix
1	cervix
1	cervix
1	cervix
1	cervix
1	cervix
1	cervix
1	cervix
1	cervix
1	cervix
1	cervix
1	cervix
1	cervix
1	cervix
1	cervix
1	cervix
1	cervix
1	cervix
1	cervix
1	cervix
1	cervix
1	cervix
1	cervix
1	cervix
1	cervix
1	cervix
1	cervix
1	cervix
1	cervix
1	cervix
1	cervix
1	cervix
1	cervix
1	cervix
1	cervix
1	cervix
1	cervix
1	cervix
1	cervix
1	cervix
1	cervix
1	cervix
1	cervix
1	cervix
1	cervix
1	cervix
1	cervix
1	cervix
1	cervix
1	cervix
1	cervix
1	cervix
1	cervix
1	cervix
1	cervix
1	cervix
1	cervix
1	cervix
1	cervix
1	cervix
1	cervix
1	cervix
1	cervix
1	cervix
1	cervix
1	cervix
1	cervix
1	cervix
1	cervix
1	cervix
1	cervix
1	cervix
1	cervix
1	cervix
1	cervix
1	cervix
1	cervix
1	cervix
1	cervix
1	cervix
1	cervix
1	cervix
1	cervix
1	cervix
1	cervix
1	cervix
1	cervix
1	cervix
1	cervix
1	cervix
1	cervix
1	cervix
1	cervix
1	cervix
1	cervix
1	cervix
1	cervix
1	cervix
1	cervix
1	cervix
1	cervix
1	cervix
1	cervix
1	cervix
1	cervix
1	cervix
1	cervix
1	cervix
1	cervix
1	cervix
1	cervix
1	cervix
1	cervix
1	cervix
1	cervix
1	cervix
1	cervix
1	cervix
1	cervix
1	cervix
1	cervix
1	cervix
1	cervix
1	cervix
1	cervix
1	cervix
1	cervix
1	cervix
1	cervix
1	cervix
1	cervix
1	cervix
1	cervix
1	cervix
1	cervix
1	cervix
1	cervix
1	cervix
1	cervix
1	cervix
1	cervix
1	cervix
1	cervix
1	cervix
1	cervix
1	cervix
1	cervix
1	cervix
1	cervix
1	cervix
1	cervix
1	cervix
1	cervix
1	cervix
1	cervix
1	cervix
1	cervix
1	cervix
1	cervix
1	cervix
1	cervix
1	cervix
1	cervix
1	cervix
1	cervix
1	cervix
1	cervix
1	cervix
1	cervix
1	cervix
1	cervix
1	cervix
1	cervix
1	cervix
1	cervix
1	cervix
1	cervix
1	cervix
1	cervix
1	cervix
1	cervix
1	cervix
1	cervix
1	cervix
1	cervix
1	cervix
1	cervix
1	cervix
1	cervix
1	cervix
1	cervix
1	cervix
1	cervix
1	cervix
1	cervix
1	cervix
1	cervix
1	cervix
1	cervix
1	cervix
1	cervix
1	cervix
1	cervix
1	cervix
1	cervix
1	cervix
1	cervix
1	cervix
1	cervix
1	cervix
1	cervix
1	cervix
1	cervix
1	cervix
1	cervix
1	cervix
1	cervix
1	cervix
1	cervix
1	cervix
1	cervix
1	cervix
1	cervix
1	cervix
1	cervix
1	cervix
1	cervix
1	cervix
1	cervix
1	cervix
1	cervix
1	cervix
1	cervix
1	cervix
1	cervix
1	cervix
1	cervix
1	cervix
1	cervix
1	cervix
1	cervix
1	cervix
1	cervix
1	cervix
1	cervix
1	cervix
1	cervix
1	cervix
1	cervix
1	cervix
1	cervix
1	cervix
1	cervix
1	cervix
1	cervix
1	cervix
1	cervix
1	cervix
1	cervix
1	cervix
1	cervix
1	cervix
1	cervix
1	cervix
1	cervix
1	cervix
1	cervix
1	cervix
1	cervix
1	cervix
1	cervix
1	cervix
1	cervix
1	cervix
1	cervix
1	cervix
1	cervix
1	cervix
1	cervix
1	cervix
1	cervix
1	cervix
1	cervix
1	cervix
1	cervix
1	cervix
1	cervix
1	cervix
1	cervix
1	cervix
1	cervix
1	cervix
1	cervix
1	cervix
1	cervix
1	cervix
1	cervix
1	cervix
1	cervix
1	cervix
1	cervix
1	cervix
2	imagenet
2	imagenet
2	imagenet
2	imagenet
2	imagenet
2	imagenet
2	imagenet
2	imagenet
2	imagenet
2	imagenet
2	imagenet
2	imagenet
2	imagenet
2	imagenet
2	imagenet
2	imagenet
2	imagenet
2	imagenet
2	imagenet
2	imagenet
2	imagenet
2	imagenet
2	imagenet
2	imagenet
2	imagenet
2	imagenet
2	imagenet
2	imagenet
2	imagenet
2	imagenet
2	imagenet
2	imagenet
2	imagenet
2	imagenet
2	imagenet
2	imagenet
2	imagenet
2	imagenet
2	imagenet
2	imagenet
2	imagenet
2	imagenet
2	imagenet
2	imagenet
2	imagenet
2	imagenet
2	imagenet
2	imagenet
2	imagenet
2	imagenet
2	imagenet
2	imagenet
2	imagenet
2	imagenet
2	imagenet
2	imagenet
2	imagenet
2	imagenet
2	imagenet
2	imagenet
2	imagenet
2	imagenet
2	imagenet
2	imagenet
2	imagenet
2	imagenet
2	imagenet
2	imagenet
2	imagenet
2	imagenet
2	imagenet
2	imagenet
2	imagenet
2	imagenet
2	imagenet
2	imagenet
2	imagenet
2	imagenet
2	imagenet
2	imagenet
2	imagenet
2	imagenet
2	imagenet
2	imagenet
2	imagenet
2	imagenet
2	imagenet
2	imagenet
2	imagenet
2	imagenet
2	imagenet
2	imagenet
2	imagenet
2	imagenet
2	imagenet
2	imagenet
2	imagenet
2	imagenet
2	imagenet
2	imagenet
2	imagenet
2	imagenet
2	imagenet
2	imagenet
2	imagenet
2	imagenet
2	imagenet
2	imagenet
2	imagenet
2	imagenet
2	imagenet
2	imagenet
2	imagenet
2	imagenet
2	imagenet
2	imagenet
2	imagenet
2	imagenet
2	imagenet
2	imagenet
2	imagenet
2	imagenet
2	imagenet
2	imagenet
2	imagenet
2	imagenet
2	imagenet
2	imagenet
2	imagenet
2	imagenet
2	imagenet
2	imagenet
2	imagenet
2	imagenet
2	imagenet
2	imagenet
2	imagenet
2	imagenet
2	imagenet
2	imagenet
2	imagenet
2	imagenet
2	imagenet
2	imagenet
2	imagenet
2	imagenet
2	imagenet
2	imagenet
2	imagenet
2	imagenet
2	imagenet
2	imagenet
2	imagenet
2	imagenet
2	imagenet
2	imagenet
2	imagenet
2	imagenet
2	imagenet
2	imagenet
2	imagenet
2	imagenet
2	imagenet
2	imagenet
2	imagenet
2	imagenet
2	imagenet
2	imagenet
2	imagenet
2	imagenet
2	imagenet
2	imagenet
2	imagenet
2	imagenet
2	imagenet
2	imagenet
2	imagenet
2	imagenet
2	imagenet
2	imagenet
2	imagenet
2	imagenet
2	imagenet
2	imagenet
2	imagenet
2	imagenet
2	imagenet
2	imagenet
2	imagenet
2	imagenet
2	imagenet
2	imagenet
2	imagenet
2	imagenet
2	imagenet
2	imagenet
2	imagenet
2	imagenet
2	imagenet
2	imagenet
2	imagenet
2	imagenet
2	imagenet
2	imagenet
2	imagenet
2	imagenet
2	imagenet
2	imagenet
2	imagenet
2	imagenet
2	imagenet
2	imagenet
2	imagenet
2	imagenet
2	imagenet
2	imagenet
2	imagenet
2	imagenet
2	imagenet
2	imagenet
2	imagenet
2	imagenet
2	imagenet
2	imagenet
2	imagenet
2	imagenet
2	imagenet
2	imagenet
2	imagenet
2	imagenet
2	imagenet
2	imagenet
2	imagenet
2	imagenet
2	imagenet
2	imagenet
2	imagenet
2	imagenet
2	imagenet
2	imagenet
2	imagenet
2	imagenet
2	imagenet
2	imagenet
2	imagenet
2	imagenet
2	imagenet
2	imagenet
2	imagenet
2	imagenet
2	imagenet
2	imagenet
2	imagenet
2	imagenet
2	imagenet
2	imagenet
2	imagenet
2	imagenet
2	imagenet
2	imagenet
2	imagenet
2	imagenet
2	imagenet
2	imagenet
2	imagenet
2	imagenet
2	imagenet
2	imagenet
2	imagenet
2	imagenet
2	imagenet
2	imagenet
2	imagenet
2	imagenet
2	imagenet
2	imagenet
2	imagenet
2	imagenet
2	imagenet
2	imagenet
2	imagenet
2	imagenet
2	imagenet
2	imagenet
2	imagenet
2	imagenet
2	imagenet
2	imagenet
2	imagenet
2	imagenet
2	imagenet
2	imagenet
2	imagenet
2	imagenet
2	imagenet
2	imagenet
2	imagenet
2	imagenet
2	imagenet
2	imagenet
2	imagenet
2	imagenet
2	imagenet
2	imagenet
2	imagenet
2	imagenet
2	imagenet
2	imagenet
2	imagenet
2	imagenet
2	imagenet
2	imagenet
2	imagenet
2	imagenet
2	imagenet
2	imagenet
2	imagenet
2	imagenet
2	imagenet
2	imagenet
2	imagenet
2	imagenet
2	imagenet
2	imagenet
2	imagenet
2	imagenet
2	imagenet
2	imagenet
2	imagenet
2	imagenet
2	imagenet
2	imagenet
2	imagenet
2	imagenet
2	imagenet
2	imagenet
2	imagenet
2	imagenet
2	imagenet
2	imagenet
2	imagenet
2	imagenet
2	imagenet
2	imagenet
2	imagenet
2	imagenet
2	imagenet
2	imagenet
2	imagenet
2	imagenet
2	imagenet
2	imagenet
2	imagenet
2	imagenet
2	imagenet
2	imagenet
2	imagenet
2	imagenet
2	imagenet
2	imagenet
2	imagenet
2	imagenet
2	imagenet
2	imagenet
2	imagenet
2	imagenet
2	imagenet
2	imagenet
2	imagenet
2	imagenet
2	imagenet
2	imagenet
2	imagenet
2	imagenet
2	imagenet
2	imagenet
2	imagenet
2	imagenet
2	imagenet
2	imagenet
2	imagenet
2	imagenet
2	imagenet
2	imagenet
2	imagenet
2	imagenet
2	imagenet
2	imagenet
2	imagenet
2	imagenet
2	imagenet
2	imagenet
2	imagenet
2	imagenet
2	imagenet
2	imagenet
2	imagenet
2	imagenet
2	imagenet
2	imagenet
2	imagenet
2	imagenet
2	imagenet
2	imagenet
2	imagenet
2	imagenet
2	imagenet
2	imagenet
2	imagenet
2	imagenet
2	imagenet
2	imagenet
2	imagenet
2	imagenet
2	imagenet
2	imagenet
2	imagenet
2	imagenet
2	imagenet
2	imagenet
2	imagenet
2	imagenet
2	imagenet
2	imagenet
2	imagenet
2	imagenet
2	imagenet
2	imagenet
2	imagenet
2	imagenet
2	imagenet
2	imagenet
2	imagenet
2	imagenet
2	imagenet
2	imagenet
2	imagenet
2	imagenet
2	imagenet
2	imagenet
2	imagenet
2	imagenet
2	imagenet
2	imagenet
2	imagenet
2	imagenet
2	imagenet
2	imagenet
2	imagenet
2	imagenet
2	imagenet
2	imagenet
2	imagenet
2	imagenet
2	imagenet
2	imagenet
2	imagenet
2	imagenet
2	imagenet
2	imagenet
2	imagenet
2	imagenet
2	imagenet
2	imagenet
2	imagenet
2	imagenet
2	imagenet
2	imagenet
2	imagenet
2	imagenet
2	imagenet
2	imagenet
2	imagenet
2	imagenet
2	imagenet
2	imagenet
2	imagenet
2	imagenet
2	imagenet
2	imagenet
2	imagenet
2	imagenet
2	imagenet
2	imagenet
2	imagenet
2	imagenet
2	imagenet
2	imagenet
2	imagenet
2	imagenet
2	imagenet
2	imagenet
2	imagenet
2	imagenet
2	imagenet
2	imagenet
2	imagenet
2	imagenet
2	imagenet
2	imagenet
3	blood
3	blood
3	blood
3	blood
3	blood
3	blood
3	blood
3	blood
3	blood
3	blood
3	blood
3	blood
3	blood
3	blood
3	blood
3	blood
3	blood
3	blood
3	blood
3	blood
3	blood
3	blood
3	blood
3	blood
3	blood
3	blood
3	blood
3	blood
3	blood
3	blood
3	blood
3	blood
3	blood
3	blood
3	blood
3	blood
3	blood
3	blood
3	blood
3	blood
3	blood
3	blood
3	blood
3	blood
3	blood
3	blood
3	blood
3	blood
3	blood
4	eye
4	eye
4	eye
4	eye
4	eye
4	eye
4	eye
4	eye
4	eye
4	eye
4	eye
4	eye
4	eye
4	eye
4	eye
4	eye
4	eye
4	eye
4	eye
4	eye
4	eye
4	eye
4	eye
4	eye
4	eye
4	eye
4	eye
4	eye
4	eye
4	eye
4	eye
4	eye
4	eye
4	eye
4	eye
4	eye
4	eye
4	eye
4	eye
4	eye
4	eye
4	eye
4	eye
4	eye
4	eye
4	eye
4	eye
4	eye
4	eye
4	eye
4	eye
4	eye
4	eye
4	eye
4	eye
4	eye
4	eye
4	eye
4	eye
4	eye
4	eye
4	eye
4	eye
4	eye
4	eye
4	eye
4	eye
4	eye
4	eye
4	eye
4	eye
4	eye
4	eye
4	eye
4	eye
4	eye
4	eye
4	eye
4	eye
4	eye
4	eye
4	eye
4	eye
4	eye
4	eye
4	eye
4	eye
4	eye
4	eye
4	eye
4	eye
4	eye
4	eye
4	eye
4	eye
4	eye
4	eye
4	eye
4	eye
4	eye
4	eye
4	eye
4	eye
4	eye
4	eye
4	eye
4	eye
4	eye
4	eye
4	eye
4	eye
4	eye
4	eye
4	eye
4	eye
4	eye
4	eye
4	eye
4	eye
4	eye
4	eye
4	eye
4	eye
4	eye
4	eye
4	eye
4	eye
4	eye
4	eye
4	eye
4	eye
4	eye
4	eye
4	eye
4	eye
4	eye
4	eye
4	eye
4	eye
4	eye
4	eye
4	eye
4	eye
4	eye
4	eye
4	eye
4	eye
4	eye
4	eye
4	eye
4	eye
4	eye
4	eye
4	eye
4	eye
4	eye
4	eye
4	eye
4	eye
4	eye
4	eye
4	eye
4	eye
4	eye
4	eye
4	eye
4	eye
4	eye
4	eye
4	eye
4	eye
4	eye
4	eye
4	eye
4	eye
4	eye
4	eye
4	eye
4	eye
4	eye
4	eye
4	eye
4	eye
4	eye
4	eye
4	eye
4	eye
4	eye
4	eye
4	eye
4	eye
4	eye
4	eye
4	eye
4	eye
4	eye
4	eye
4	eye
4	eye
4	eye
4	eye
4	eye
4	eye
4	eye
4	eye
4	eye
4	eye
4	eye
4	eye
4	eye
4	eye
4	eye
4	eye
4	eye
4	eye
4	eye
4	eye
4	eye
4	eye
4	eye
4	eye
4	eye
4	eye
4	eye
4	eye
4	eye
4	eye
4	eye
4	eye
4	eye
4	eye
4	eye
4	eye
4	eye
4	eye
4	eye
4	eye
4	eye
4	eye
4	eye
4	eye
4	eye
4	eye
4	eye
4	eye
4	eye
4	eye
4	eye
4	eye
4	eye
4	eye
4	eye
4	eye
4	eye
4	eye
4	eye
4	eye
4	eye
4	eye
4	eye
4	eye
4	eye
4	eye
4	eye
4	eye
4	eye
4	eye
4	eye
4	eye
4	eye
4	eye
4	eye
4	eye
4	eye
4	eye
4	eye
4	eye
4	eye
4	eye
4	eye
4	eye
4	eye
4	eye
4	eye
4	eye
4	eye
4	eye
4	eye
4	eye
4	eye
4	eye
4	eye
4	eye
4	eye
4	eye
4	eye
4	eye
4	eye
4	eye
4	eye
4	eye
4	eye
4	eye
4	eye
4	eye
4	eye
4	eye
4	eye
4	eye
4	eye
4	eye
4	eye
4	eye
4	eye
4	eye
4	eye
4	eye
4	eye
4	eye
4	eye
4	eye
4	eye
4	eye
4	eye
4	eye
4	eye
4	eye
4	eye
4	eye
4	eye
4	eye
4	eye
4	eye
4	eye
4	eye
4	eye
4	eye
4	eye
4	eye
4	eye
4	eye
4	eye
4	eye
4	eye
4	eye
4	eye
4	eye
4	eye
4	eye
4	eye
4	eye
4	eye
4	eye
4	eye
4	eye
4	eye
4	eye
4	eye
4	eye
4	eye
4	eye
4	eye
4	eye
4	eye
4	eye
4	eye
4	eye
4	eye
4	eye
4	eye
4	eye
4	eye
4	eye
4	eye
4	eye
4	eye
4	eye
4	eye
4	eye
4	eye
4	eye
4	eye
4	eye
4	eye
4	eye
4	eye
4	eye
4	eye
4	eye
4	eye
4	eye
4	eye
4	eye
4	eye
4	eye
4	eye
4	eye
4	eye
4	eye
4	eye
4	eye
4	eye
4	eye
4	eye
4	eye
4	eye
4	eye
4	eye
4	eye
4	eye
4	eye
4	eye
4	eye
4	eye
4	eye
4	eye
4	eye
4	eye
4	eye
4	eye
4	eye
4	eye
4	eye
4	eye
4	eye
4	eye
4	eye
4	eye
4	eye
4	eye
4	eye
4	eye
4	eye
4	eye
4	eye
4	eye
4	eye
4	eye
4	eye
4	eye
4	eye
4	eye
4	eye
4	eye
4	eye
4	eye
4	eye
4	eye
4	eye
4	eye
4	eye
4	eye
4	eye
4	eye
4	eye
4	eye
4	eye
4	eye
4	eye
4	eye
4	eye
4	eye
4	eye
4	eye
4	eye
4	eye
4	eye
4	eye
4	eye
4	eye
4	eye
4	eye
4	eye
4	eye
4	eye
4	eye
4	eye
4	eye
4	eye
4	eye
4	eye
4	eye
4	eye
4	eye
4	eye
4	eye
4	eye
4	eye
4	eye
4	eye
4	eye
4	eye
4	eye
4	eye
4	eye
4	eye
4	eye
4	eye
4	eye
4	eye
5	skin
5	skin
5	skin
5	skin
5	skin
5	skin
5	skin
5	skin
5	skin
5	skin
5	skin
5	skin
5	skin
5	skin
5	skin
5	skin
5	skin
5	skin
5	skin
5	skin
5	skin
5	skin
5	skin
5	skin
5	skin
5	skin
5	skin
5	skin
5	skin
5	skin
5	skin
5	skin
5	skin
5	skin
5	skin
5	skin
5	skin
5	skin
5	skin
5	skin
5	skin
5	skin
5	skin
5	skin
5	skin
5	skin
5	skin
5	skin
5	skin
5	skin
5	skin
5	skin
5	skin
5	skin
5	skin
5	skin
5	skin
5	skin
5	skin
5	skin
5	skin
5	skin
5	skin
5	skin
5	skin
5	skin
5	skin
5	skin
5	skin
5	skin
5	skin
5	skin
5	skin
5	skin
5	skin
5	skin
5	skin
5	skin
5	skin
5	skin
5	skin
5	skin
5	skin
5	skin
5	skin
5	skin
5	skin
5	skin
5	skin
5	skin
5	skin
5	skin
5	skin
5	skin
5	skin
5	skin
5	skin
5	skin
5	skin
5	skin
5	skin
5	skin
5	skin
5	skin
5	skin
5	skin
5	skin
5	skin
5	skin
5	skin
5	skin
5	skin
5	skin
5	skin
5	skin
5	skin
5	skin
5	skin
5	skin
5	skin
5	skin
5	skin
5	skin
5	skin
5	skin
5	skin
5	skin
5	skin
5	skin
5	skin
5	skin
5	skin
5	skin
5	skin
5	skin
5	skin
5	skin
5	skin
5	skin
5	skin
5	skin
5	skin
5	skin
5	skin
5	skin
5	skin
5	skin
5	skin
5	skin
5	skin
5	skin
5	skin
5	skin
5	skin
5	skin
5	skin
5	skin
5	skin
5	skin
5	skin
5	skin
5	skin
5	skin
5	skin
5	skin
5	skin
5	skin
5	skin
5	skin
5	skin
5	skin
5	skin
5	skin
5	skin
5	skin
5	skin
5	skin
5	skin
5	skin
5	skin
5	skin
5	skin
5	skin
5	skin
5	skin
5	skin
5	skin
5	skin
5	skin
5	skin
5	skin
5	skin
5	skin
5	skin
5	skin
5	skin
5	skin
5	skin
5	skin
5	skin
5	skin
5	skin
5	skin
5	skin
5	skin
5	skin
5	skin
5	skin
5	skin
5	skin
5	skin
5	skin
5	skin
5	skin
5	skin
5	skin
5	skin
5	skin
5	skin
5	skin
5	skin
5	skin
5	skin
5	skin
5	skin
5	skin
5	skin
5	skin
5	skin
5	skin
5	skin
5	skin
5	skin
5	skin
5	skin
5	skin
5	skin
5	skin
5	skin
5	skin
5	skin
5	skin
5	skin
5	skin
5	skin
5	skin
5	skin
5	skin
5	skin
5	skin
5	skin
5	skin
5	skin
5	skin
5	skin
5	skin
5	skin
5	skin
5	skin
5	skin
5	skin
5	skin
5	skin
5	skin
5	skin
5	skin
5	skin
5	skin
5	skin
5	skin
5	skin
5	skin
5	skin
5	skin
5	skin
5	skin
5	skin
5	skin
5	skin
5	skin
5	skin
5	skin
5	skin
5	skin
5	skin
5	skin
5	skin
5	skin
5	skin
5	skin
5	skin
5	skin
5	skin
5	skin
5	skin
5	skin
5	skin
5	skin
5	skin
5	skin
5	skin
5	skin
5	skin
5	skin
5	skin
5	skin
5	skin
5	skin
5	skin
5	skin
5	skin
5	skin
5	skin
5	skin
5	skin
5	skin
5	skin
5	skin
5	skin
5	skin
5	skin
5	skin
5	skin
5	skin
5	skin
5	skin
5	skin
5	skin
5	skin
5	skin
5	skin
5	skin
5	skin
5	skin
5	skin
5	skin
5	skin
5	skin
5	skin
5	skin
5	skin
5	skin
5	skin
5	skin
5	skin
5	skin
5	skin
5	skin
5	skin
5	skin
5	skin
5	skin
5	skin
5	skin
5	skin
5	skin
5	skin
5	skin
5	skin
5	skin
5	skin
5	skin
5	skin
5	skin
5	skin
5	skin
5	skin
5	skin
5	skin
5	skin
5	skin
5	skin
5	skin
5	skin
5	skin
5	skin
5	skin
5	skin
5	skin
5	skin
5	skin
5	skin
5	skin
5	skin
5	skin
5	skin
5	skin
5	skin
5	skin
5	skin
5	skin
5	skin
5	skin
5	skin
5	skin
5	skin
5	skin
5	skin
5	skin
5	skin
5	skin
5	skin
5	skin
5	skin
5	skin
5	skin
5	skin
5	skin
5	skin
5	skin
5	skin
5	skin
5	skin
5	skin
5	skin
5	skin
5	skin
5	skin
5	skin
5	skin
5	skin
5	skin
5	skin
5	skin
5	skin
5	skin
5	skin
5	skin
5	skin
5	skin
5	skin
5	skin
5	skin
5	skin
5	skin
5	skin
5	skin
5	skin
5	skin
5	skin
5	skin
5	skin
5	skin
5	skin
5	skin
5	skin
5	skin
5	skin
5	skin
5	skin
5	skin
5	skin
5	skin
5	skin
5	skin
5	skin
5	skin
5	skin
5	skin
5	skin
5	skin
5	skin
5	skin
5	skin
5	skin
5	skin
5	skin
5	skin
5	skin
5	skin
5	skin
5	skin
5	skin
5	skin
5	skin
5	skin
5	skin
5	skin
5	skin
5	skin
5	skin
5	skin
5	skin
5	skin
5	skin
5	skin
5	skin
5	skin
5	skin
5	skin
5	skin
5	skin
5	skin
5	skin
5	skin
5	skin
5	skin
5	skin
5	skin
5	skin
6	surgery
6	surgery
6	surgery
6	surgery
6	surgery
6	surgery
6	surgery
6	surgery
6	surgery
6	surgery
6	surgery
6	surgery
6	surgery
6	surgery
6	surgery
6	surgery
6	surgery
6	surgery
6	surgery
6	surgery
6	surgery
6	surgery
6	surgery
6	surgery
6	surgery
6	surgery
6	surgery
6	surgery
6	surgery
6	surgery
6	surgery
6	surgery
6	surgery
6	surgery
6	surgery
6	surgery
6	surgery
6	surgery
6	surgery
6	surgery
6	surgery
6	surgery
6	surgery
6	surgery
6	surgery
6	surgery
6	surgery
6	surgery
6	surgery
6	surgery
6	surgery
6	surgery
6	surgery
6	surgery
6	surgery
6	surgery
6	surgery
6	surgery
6	surgery
6	surgery
6	surgery
6	surgery
6	surgery
6	surgery
6	surgery
6	surgery
6	surgery
6	surgery
6	surgery
6	surgery
6	surgery
6	surgery
6	surgery
6	surgery
6	surgery
6	surgery
6	surgery
6	surgery
6	surgery
6	surgery
6	surgery
6	surgery
6	surgery
6	surgery
6	surgery
6	surgery
6	surgery
6	surgery
6	surgery
6	surgery
6	surgery
6	surgery
6	surgery
6	surgery
6	surgery
6	surgery
6	surgery
6	surgery
6	surgery
6	surgery
6	surgery
6	surgery
6	surgery
6	surgery
6	surgery
6	surgery
6	surgery
6	surgery
6	surgery
6	surgery
6	surgery
6	surgery
6	surgery
6	surgery
6	surgery
6	surgery
6	surgery
6	surgery
6	surgery
6	surgery
6	surgery
6	surgery
6	surgery
6	surgery
6	surgery
6	surgery
6	surgery
6	surgery
6	surgery
6	surgery
6	surgery
6	surgery
6	surgery
6	surgery
6	surgery
6	surgery
6	surgery
6	surgery
6	surgery
6	surgery
6	surgery
6	surgery
6	surgery
6	surgery
6	surgery
6	surgery
6	surgery
6	surgery
6	surgery
6	surgery
6	surgery
6	surgery
6	surgery
6	surgery
6	surgery
6	surgery
6	surgery
6	surgery
6	surgery
6	surgery
6	surgery
6	surgery
6	surgery
6	surgery
6	surgery
6	surgery
6	surgery
6	surgery
6	surgery
6	surgery
6	surgery
6	surgery
6	surgery
6	surgery
6	surgery
6	surgery
6	surgery
6	surgery
6	surgery
6	surgery
6	surgery
6	surgery
6	surgery
6	surgery
6	surgery
6	surgery
6	surgery
6	surgery
6	surgery
6	surgery
6	surgery
6	surgery
6	surgery
6	surgery
6	surgery
6	surgery
6	surgery
6	surgery
6	surgery
6	surgery
6	surgery
6	surgery
6	surgery
6	surgery
6	surgery
6	surgery
6	surgery
6	surgery
6	surgery
6	surgery
6	surgery
6	surgery
6	surgery
6	surgery
6	surgery
6	surgery
6	surgery
6	surgery
6	surgery
6	surgery
6	surgery
6	surgery
6	surgery
6	surgery
6	surgery
6	surgery
6	surgery
6	surgery
6	surgery
6	surgery
6	surgery
6	surgery
6	surgery
6	surgery
6	surgery
6	surgery
6	surgery
6	surgery
6	surgery
6	surgery
6	surgery
6	surgery
6	surgery
6	surgery
6	surgery
6	surgery
6	surgery
6	surgery
6	surgery
6	surgery
6	surgery
6	surgery
6	surgery
6	surgery
6	surgery
6	surgery
6	surgery
6	surgery
6	surgery
6	surgery
6	surgery
6	surgery
6	surgery
6	surgery
6	surgery
6	surgery
6	surgery
6	surgery
6	surgery
6	surgery
6	surgery
6	surgery
6	surgery
6	surgery
6	surgery
6	surgery
6	surgery
6	surgery
6	surgery
6	surgery
6	surgery
6	surgery
6	surgery
6	surgery
6	surgery
6	surgery
6	surgery
6	surgery
6	surgery
6	surgery
6	surgery
6	surgery
6	surgery
6	surgery
6	surgery
6	surgery
6	surgery
6	surgery
6	surgery
6	surgery
6	surgery
6	surgery
6	surgery
6	surgery
6	surgery
6	surgery
6	surgery
6	surgery
6	surgery
6	surgery
6	surgery
6	surgery
6	surgery
6	surgery
6	surgery
6	surgery
6	surgery
6	surgery
6	surgery
6	surgery
6	surgery
6	surgery
6	surgery
6	surgery
6	surgery
6	surgery
6	surgery
6	surgery
6	surgery
6	surgery
6	surgery
6	surgery
6	surgery
6	surgery
6	surgery
6	surgery
6	surgery
6	surgery
6	surgery
6	surgery
6	surgery
6	surgery
6	surgery
6	surgery
6	surgery
6	surgery
6	surgery
6	surgery
6	surgery
6	surgery
6	surgery
6	surgery
6	surgery
6	surgery
6	surgery
6	surgery
6	surgery
6	surgery
6	surgery
6	surgery
6	surgery
6	surgery
6	surgery
6	surgery
6	surgery
6	surgery
6	surgery
6	surgery
6	surgery
6	surgery
6	surgery
6	surgery
6	surgery
6	surgery
6	surgery
6	surgery
6	surgery
6	surgery
6	surgery
6	surgery
6	surgery
6	surgery
6	surgery
6	surgery
6	surgery
6	surgery
6	surgery
6	surgery
6	surgery
6	surgery
6	surgery
6	surgery
6	surgery
6	surgery
6	surgery
6	surgery
6	surgery
6	surgery
6	surgery
6	surgery
6	surgery
6	surgery
6	surgery
6	surgery
6	surgery
6	surgery
6	surgery
6	surgery
6	surgery
6	surgery
6	surgery
6	surgery
6	surgery
6	surgery
6	surgery
6	surgery
6	surgery
6	surgery
6	surgery
6	surgery
6	surgery
6	surgery
6	surgery
6	surgery
6	surgery
6	surgery
6	surgery
6	surgery
6	surgery
6	surgery
6	surgery
6	surgery
6	surgery
6	surgery
6	surgery
6	surgery
6	surgery
6	surgery
6	surgery
6	surgery
6	surgery
6	surgery
6	surgery
6	surgery
6	surgery
6	surgery
6	surgery
6	surgery
6	surgery
6	surgery
6	surgery
6	surgery
6	surgery
6	surgery
6	surgery
6	surgery
6	surgery
6	surgery
6	surgery
6	surgery
6	surgery
6	surgery
6	surgery
6	surgery
6	surgery
6	surgery
6	surgery
6	surgery
6	surgery
6	surgery
6	surgery
6	surgery
6	surgery
6	surgery
6	surgery
6	surgery
6	surgery
6	surgery
6	surgery
6	surgery
6	surgery
6	surgery
6	surgery
6	surgery
6	surgery
6	surgery
6	surgery
6	surgery
6	surgery
6	surgery
6	surgery
6	surgery
6	surgery
6	surgery
6	surgery
6	surgery
6	surgery
6	surgery
6	surgery
6	surgery
